Waterbody,County,StockSched,Designatio,RainbowTro,BrownTrout,BrookTrout,Notes,HeritageDa,NationalFo,NoFallStoc,FWVA_Trout,FWVA_Rainb,FWVA_Brown,FWVA_Brook,FWVA_Wild,GlobalID
"Naked Creek, SB",Page,,WT,"0","0","0",,"0","0","0","1","0","0","0","3",{768AB342-4039-4E09-8DF1-35C794C03810}
Big Run,Rockingham,,WT,"0","0","0",,"0","0","0","1","0","0","0","3",{91231D98-6B0B-4961-B127-102B4217A3AC}
North River,Augusta,,WT,"0","0","0",,"0","0","0","1","0","0","0","3",{10AD855C-9DF5-4B93-88B9-B87CE75555FD}
North River,Augusta,,WT,"0","0","0",,"0","0","0","1","0","0","0","3",{89734378-0742-4BB5-A988-70F74D1CE39A}
Jeremys Run,Page,,WT,"0","0","0",,"0","0","0","1","0","0","0","3",{9E217C08-C287-450F-9EE6-CAC7565FB49A}
"Naked Creek, SB",Page,,WT,"0","0","0",,"0","0","0","1","0","0","0","3",{E87A97E0-2C9C-494E-880D-572923A147F2}
Laurel Fork,Highland,,WT,"0","0","0",,"0","0","0","1","0","0","0","3",{EE175E27-0319-4E06-9A78-1FE8AD298B94}
Meadow Run,Augusta,,WT,"0","0","0",,"0","0","0","1","0","0","0","3",{1E0E75DA-4D8D-474A-9065-7A66BFDB10CC}
Big Ugly Run,Page,,WT,"0","0","0",,"0","0","0","1","0","0","0","3",{28F14273-2FE8-416B-88C7-70A956A821E6}
Mills Creek,Augusta,,WT,"0","0","0",,"0","0","0","1","0","0","0","3",{2894EB45-64F7-482E-A20D-08DED5C08540}
Dry River,Rockingham,,WT,"0","0","0",,"0","0","0","1","0","0","0","3",{30800798-E28C-4540-8B03-14BDED5BCA19}
Paine Run,Augusta,,WT,"0","0","0",,"0","0","0","1","0","0","0","3",{93E6A664-2811-41DC-9882-329E9082E5F0}
Madison Run,Rockingham,,WT,"0","0","0",,"0","0","0","1","0","0","0","3",{1487BDB8-D528-40D6-B333-213B9E98573F}
"Naked Creek, SB",Page,,WT,"0","0","0",,"0","0","0","1","0","0","0","3",{B47B2BC8-0737-4AFB-94B1-1652154EDEC6}
Dry River,Rockingham,B,PNT,"0","0","1",,"0","0","0","1","0","0","1","0",{34588171-B805-458C-B06F-F70555D3FCB3}
North River,Augusta,,WT,"0","0","0",,"0","0","0","1","0","0","0","3",{9CB94425-E68E-45E0-81F8-16956C4CBC04}
Little Stony Creek,Shenandoah,,WT,"0","0","0",,"0","0","0","1","0","0","0","3",{33D6EB0F-E142-4B73-9ED0-94F52A267823}
North River,Augusta,,WT,"0","0","0",,"0","0","0","1","0","0","0","3",{A32209EB-22C2-448C-87EB-87ED82EE24FF}
Simpson Creek,Alleghany,,WT,"0","0","0",,"0","0","0","1","0","0","0","3",{4831A397-618D-47BD-8CBB-CA1FDC4733D8}
Little Passage Creek,Shenandoah,,WT,"0","0","0",,"0","0","0","1","0","0","0","3",{7016C399-BC37-41EE-B3E4-74D3F65BF4E7}
Little Back Creek,Bath,,WT,"0","0","0",,"0","0","0","1","0","0","0","3",{9E7228AB-FFE0-4196-99D1-E40F31A6CA97}
Pounding Mill Creek,Alleghany,,WT,"0","0","0",,"0","0","0","1","0","0","0","3",{09914CC7-FD53-4644-BE02-3D517CF8F125}
Guys Run,Rockbridge,,WT,"0","0","0",,"0","0","0","1","0","0","0","3",{39226687-79ED-46D0-98B9-81583DEBE05E}
Middle Creek,Botetourt,,WT,"0","0","0",,"0","0","0","1","0","0","0","3",{4FF38CDF-5F9A-4A0A-A9F0-8B1309F7AF07}
Shawvers Run,Alleghany,,WT,"0","0","0",,"0","0","0","1","0","0","0","3",{80E34BD0-C63B-4790-8B57-F5D0B4640CE0}
Little Stony Creek,Shenandoah,,WT,"0","0","0",,"0","0","0","1","0","0","0","3",{E5F42F8F-8E20-4BAA-B835-D4C13137F5D2}
Barbours Creek,Craig,,WT,"0","0","0",,"0","0","0","1","0","0","0","3",{162CCCE1-2C24-43EE-B38D-3D9983338038}
South Buffalo Creek,Rockbridge,,WT,"0","0","0",,"0","0","0","1","0","0","0","3",{64A75994-AA1B-4636-B4B9-3E395970A795}
Johns Creek,Giles,,WT,"0","0","0",,"0","0","0","1","0","0","0","3",{7A760B6D-B775-4C02-B81C-527A9B6BB08F}
Barbours Creek,Craig,,WT,"0","0","0",,"0","0","0","1","0","0","0","3",{9E8EC306-08EC-4778-B509-403275DB241A}
Benson Run,Highland,,WT,"0","0","0",,"0","0","0","1","0","0","0","3",{F185395C-7EAD-4B3C-836E-C1F5CB71E654}
"Ramseys Draft, R. Prong",Augusta,,WT,"0","0","0",,"0","0","0","1","0","0","0","3",{D4A03F4F-3DBD-42C4-840E-D6B00CD53FF3}
St. Marys River,Augusta,,WT,"0","0","0",,"0","0","0","1","0","0","0","3",{92D207AF-C842-4F66-AD70-7684243FF3BC}
Barbours Creek,Craig,,WT,"0","0","0",,"0","0","0","1","0","0","0","3",{A3D59F30-7C99-42C7-BC6F-C6863AB2AE69}
"Ramseys Draft, L. Prong",Augusta,,WT,"0","0","0",,"0","0","0","1","0","0","0","3",{8C674188-E9B5-41B7-BEB1-1A13DC254BED}
Piney River,Rappahannock,,WT,"0","0","0",,"0","0","0","1","0","0","0","3",{918F7E34-6FAB-4675-B95F-83C3ACF0DFC4}
Robinson River,Madison,,WT,"0","0","0",,"0","0","0","1","0","0","0","3",{9E3D6AC7-1098-4A51-8D48-E1136DF859FB}
Smith Creek,Alleghany,,WT,"0","0","0",,"0","0","0","1","0","0","0","3",{69119774-3113-4D8C-BEE2-B61D78D183BD}
Hughes River,Madison,,WT,"0","0","0",,"0","0","0","1","0","0","0","3",{570D66E8-3F33-480F-ADAB-708AFD9928C9}
"Thorton River, NF",Rappahannock,,WT,"0","0","0",,"0","0","0","1","0","0","0","3",{CFF8FFE1-4F6C-4A14-9938-9AD7C80D9B33}
Hazel River,Rappahannock,,WT,"0","0","0",,"0","0","0","1","0","0","0","3",{C38DFC76-DCA8-41FA-ADA8-4866116CFBB5}
Ramseys Draft,Augusta,,WT,"0","0","0",,"0","0","0","1","0","0","0","3",{FF1B48B2-4311-4E84-ACDD-DF23DEFC973F}
Big Marys Creek,Rockbridge,,WT,"0","0","0",,"0","0","0","1","0","0","0","3",{A0F7DDC5-8681-4ECC-9DC9-5C8D7FB7CFFE}
Jordan Run,Bath,,WT,"0","0","0",,"0","0","0","1","0","0","0","3",{9B34A3F6-C0B7-41D4-80E0-FA3A0D45FC10}
Mare Run,Bath,,WT,"0","0","0",,"0","0","0","1","0","0","0","3",{59A120E8-B2F5-4025-9001-3D5A02BE8131}
Cascades Creek,Bath,,WT,"0","0","0",,"0","0","0","1","0","0","0","3",{D1B49504-E665-444A-9303-12A712823CAA}
Meadow Creek,Craig,,WT,"0","0","0",,"0","0","0","1","0","0","0","3",{A9367739-5E3A-4E98-8709-B5457F3FD1BB}
Muddy Run,Bath,,WT,"0","0","0",,"0","0","0","1","0","0","0","3",{EDD9678A-6639-421F-B47A-E8503A1F44F7}
Smith Creek,Alleghany,,WT,"0","0","0",,"0","0","0","1","0","0","0","3",{273BDBB4-F05E-4725-8C1E-6077D593B462}
Pounding Mill Creek,Alleghany,,WT,"0","0","0",,"0","0","0","1","0","0","0","3",{F576AEC0-F90C-4974-BF1A-F520408F3EB7}
St. Marys River,Augusta,,WT,"0","0","0",,"0","0","0","1","0","0","0","3",{305F8B20-0DD0-48FB-AB9F-54643E37CB51}
South River,Greene,,WT,"0","0","0",,"0","0","0","1","0","0","0","3",{14988E30-4423-401C-BF4D-AA38096DA81B}
"Piney River, NF",Amherst,,WT,"0","0","0",,"0","0","0","1","0","0","0","3",{F3FA28A0-5CCF-4AAC-9AB6-2206CABDB774}
Little Piney River,Amherst,,WT,"0","0","0",,"0","0","0","1","0","0","0","3",{16FB31DB-AB08-48B1-A737-658AC62C6648}
Reed Creek,Bedford,,WT,"0","0","0",,"0","0","0","1","0","0","0","3",{AF1DEB66-A15C-4420-8011-5208CF8EC4C7}
"Tye River, SF",Nelson,,WT,"0","0","0",,"0","0","0","1","0","0","0","3",{B6C493C1-421C-4A5D-A3B7-399DF25A27EB}
Rose River,Madison,,WT,"0","0","0",,"0","0","0","1","0","0","0","3",{DA1D9B37-25A6-46D3-BE01-F31A9876DD39}
"Buffalo River, NF",Amherst,,WT,"0","0","0",,"0","0","0","1","0","0","0","3",{719F31A3-765B-4C0F-B939-5F4070FCAA02}
"Tye River, NF",Nelson,,WT,"0","0","0",,"0","0","0","1","0","0","0","3",{86A6A4E0-C3DB-4197-BA26-666273A02FA6}
"Piney River, SF",Amherst,,WT,"0","0","0",,"0","0","0","1","0","0","0","3",{53A4EF78-C24F-493E-AC59-A62346BA2CC8}
Shoe Creek,Nelson,,WT,"0","0","0",,"0","0","0","1","0","0","0","3",{68FAAADB-8219-4A73-8CD8-CD881DB64AA4}
Doyles River,Albemarle,,WT,"0","0","0",,"0","0","0","1","0","0","0","3",{C9689738-0D16-4F70-BCF9-CBA5EE060F06}
Hunting Creek,Bedford,,WT,"0","0","0",,"0","0","0","1","0","0","0","3",{D9F9E39F-6E56-4650-B158-DD0D8BCC7C8E}
"Piney River, SF",Amherst,,WT,"0","0","0",,"0","0","0","1","0","0","0","3",{732FBCA7-C440-45DE-842E-F0A36A771E2A}
Little Irish Creek,Amherst,,WT,"0","0","0",,"0","0","0","1","0","0","0","3",{EF1BD164-C1DB-4D3C-BD18-CCDD8A585B6C}
Stony Creek,Giles,,WT,"0","0","0",,"0","0","0","1","0","0","0","3",{E197927C-A6FF-40F4-9632-459475E33B4F}
"Stony Creek, NF",Giles,,WT,"0","0","0",,"0","0","0","1","0","0","0","3",{D0109C60-01EE-44D9-AB13-AC8E80CCE633}
Little Stony Creek,Giles,,WT,"0","0","0",,"0","0","0","1","0","0","0","3",{C6FC1E3B-E4C0-413E-A2BE-3EBCABB2B9DB}
Stony Creek,Giles,,WT,"0","0","0",,"0","0","0","1","0","0","0","3",{E1ADE902-2DCB-4AEC-A8F6-A19EF810734D}
"Cove Creek, WF",Tazewell,,WT,"0","0","0",,"0","0","0","1","0","0","0","3",{96B2B3F2-AA7D-4A71-BEEF-8B3A341E1D4A}
Little Stony Creek,Giles,,WT,"0","0","0",,"0","0","0","1","0","0","0","3",{AF318D3F-7AD3-4CB7-8FA0-2FD8CCE0471D}
Stony Creek,Giles,,WT,"0","0","0",,"0","0","0","1","0","0","0","3",{7922E421-529B-45E9-A8D7-E31B1F3A629B}
Helton Creek,Grayson,,WT,"0","0","0",,"0","0","0","1","0","0","0","3",{0996179B-1B76-45B1-B865-F5004CFCFC8F}
Overstreet Creek,Bedford,,WT,"0","0","0",,"0","0","0","1","0","0","0","3",{D66F75A9-7AB2-48C5-B048-94B1C20EBFE8}
Laurel Fork,Floyd,,WT,"0","0","0",,"0","0","0","1","0","0","0","3",{643C6B95-2161-4BA8-92AD-CF5BC4FDE9EC}
Middle Fox Creek,Grayson,,WT,"0","0","0",,"0","0","0","1","0","0","0","3",{6ED8DF1C-1233-4196-8055-FE6367473793}
Chestnut Creek,Grayson,,WT,"0","0","0",,"0","0","0","1","0","0","0","3",{E6A67D35-189F-4839-94D4-B8E772AD2BFA}
Mira Fork,Floyd,,WT,"0","0","0",,"0","0","0","1","0","0","0","3",{2FF23A3E-808E-4493-80C8-03B130D7DAAF}
Fox Creek,Grayson,,WT,"0","0","0",,"0","0","0","1","0","0","0","3",{B18E4AF5-10BC-4CAF-BE2B-B9739F92CF30}
Burks Fork,Floyd,,WT,"0","0","0",,"0","0","0","1","0","0","0","3",{3280C3BD-4D85-44D3-A22E-45457B9EDBE1}
Laurel Fork,Floyd,,WT,"0","0","0",,"0","0","0","1","0","0","0","3",{F98B6210-F1A7-46EC-BCF6-F6F7780C3A0F}
"Dry Run, EF",Wythe,,WT,"0","0","0",,"0","0","0","1","0","0","0","3",{4E377F0C-110F-43DA-BE24-9E1B9372EAA5}
Helton Creek,Grayson,,WT,"0","0","0",,"0","0","0","1","0","0","0","3",{B49DD63E-5E3D-455E-8FC4-879264ED8F9C}
Big Reed Island Creek,Carroll,,WT,"0","0","0",,"0","0","0","1","0","0","0","3",{97256751-B478-4595-B491-8F7053401E6A}
Howell Creek,Floyd,,WT,"0","0","0",,"0","0","0","1","0","0","0","3",{319E2C4C-B167-4F6C-A4DB-689B43D724C2}
Fox Creek,Grayson,,WT,"0","0","0",,"0","0","0","1","0","0","0","3",{EB91B6BE-A102-4973-9BA6-86D3932FB9C6}
Crooked Creek,Carroll,,WT,"0","0","0",,"0","0","0","1","0","0","0","3",{8E99121F-B134-4DC0-A5A1-380A953139E0}
Little Indian Creek,Floyd,,WT,"0","0","0",,"0","0","0","1","0","0","0","3",{4F5CAC15-B9BB-46D9-8C48-AF0B76FD10A0}
Maiden Spring Creek,Tazewell,,WT,"0","0","0",,"0","0","0","1","0","0","0","3",{5381A87C-D032-42E3-BF57-E17950B9CAC5}
Little Laurel Creek,Smyth,,WT,"0","0","0",,"0","0","0","1","0","0","0","3",{2438D287-65CE-4EEA-A1D9-D2B2E26DB529}
Dan River,Patrick,,WT,"0","0","0",,"0","0","0","1","0","0","0","3",{9C0A827B-9F43-4332-932E-31E9AEDD1531}
Rock Castle Creek,Patrick,,WT,"0","0","0",,"0","0","0","1","0","0","0","3",{1740F616-4700-4DE8-BFC0-BF44B7080391}
Round Meadow Creek,Patrick,,WT,"0","0","0",,"0","0","0","1","0","0","0","3",{7C4D4D1B-DF0E-4F60-BD77-88370F9B6EAF}
Runnett Bag Creek,Franklin,,WT,"0","0","0",,"0","0","0","1","0","0","0","3",{F58FD899-1618-4C8B-8943-3C3609087E20}
Round Meadow Creek,Patrick,,WT,"0","0","0",,"0","0","0","1","0","0","0","3",{14B28F91-B560-4C27-9175-F0FB727EDD37}
Elk Spur Branch,Carroll,,WT,"0","0","0",,"0","0","0","1","0","0","0","3",{B62CACD0-1D72-418F-A000-58511E88304D}
Dan River,Patrick,,WT,"0","0","0",,"0","0","0","1","0","0","0","3",{9FBD66E9-C343-4941-B8B3-B0F4895F2714}
"Chestnut Creek, WF",Grayson,,WT,"0","0","0",,"0","0","0","1","0","0","0","3",{11773DDC-3920-4816-B148-937D425AD9FA}
"Chestnut Creek, EF",Grayson,,WT,"0","0","0",,"0","0","0","1","0","0","0","3",{304BD163-30A1-42AB-9C91-B5AD33871576}
"Crooked Creek, EF",Carroll,,WT,"0","0","0",,"0","0","0","1","0","0","0","3",{28781F50-70C7-4F18-AB0B-CB2253916633}
"Chestnut Creek, EF",Grayson,,WT,"0","0","0",,"0","0","0","1","0","0","0","3",{F5B0262A-6F80-413C-BC61-1B85572FBF26}
Helton Creek,Grayson,,WT,"0","0","0",,"0","0","0","1","0","0","0","3",{C5F941BC-1C87-4692-A72B-855D1EE3E930}
Cabin Creek,Grayson,,WT,"0","0","0",,"0","0","0","1","0","0","0","3",{3A3F9DFC-5494-4FA3-A975-B24EB17EBCDF}
Burks Fork,Floyd,,WT,"0","0","0",,"0","0","0","1","0","0","0","3",{EB95A66B-8C30-452F-87DA-08C4A8CD4723}
"Helton Creek, MF",Grayson,,WT,"0","0","0",,"0","0","0","1","0","0","0","3",{E10354D4-DDFD-4BD8-A658-377BC6E0ADE0}
Mira Fork,Floyd,,WT,"0","0","0",,"0","0","0","1","0","0","0","3",{DD0ABD3B-003C-4B4E-88AD-D287CAF5095F}
Fox Creek,Grayson,,WT,"0","0","0",,"0","0","0","1","0","0","0","3",{761D825B-D04B-4596-9635-73306111BBB3}
Fox Creek,Grayson,,WT,"0","0","0",,"0","0","0","1","0","0","0","3",{28F82D35-BD1E-4AEB-8350-5CA8C711E5D2}
Black Run,Rockingham,,WT,"0","0","0",,"0","0","0","1","0","0","0","3",{DBC1C55F-9ECA-47D8-8AB1-0F0169E68472}
Little Irish Creek,Amherst,,WT,"0","0","0",,"0","0","0","1","0","0","0","3",{05B6C3FA-C3CE-42E2-A63E-39E1341E6B6B}
Mill Creek,Giles,,WT,"0","0","0",,"0","0","0","1","0","0","0","3",{512C4802-5A39-4DDA-BAAC-5FD9DC836443}
"Helton Creek, MF",Grayson,,WT,"0","0","0",,"0","0","0","1","0","0","0","3",{1418CA2D-6BB4-42E0-B748-1B4C7779BAE4}
Rock Castle Creek,Patrick,,WT,"0","0","0",,"0","0","0","1","0","0","0","3",{81132F44-6B62-4C53-A034-5CBAE2AB1A1D}
Dismal River Section A,Buchanan,A,PNT,"1","1","0",,"0","0","0","3","1","1","0","0",{B1F9FEE6-4AA1-4F35-978F-4644260475E5}
Mills Creek,Augusta,C,PNT,"0","0","1",,"0","1","0","1","0","0","1","0",{12EEEDE2-A312-4CC3-B088-F3216F6EA99E}
Mossy Creek,Augusta,SR,SR,"0","1","0","20"" Minimum. 1 trout limit. Fly fishing only. Requires a written landowner permit.","0","0","0","1","0","1","0","0",{9772752B-E336-4EC3-9EAF-819BC9B88A44}
Little Stony Creek,Shenandoah,WT,SR,"0","0","1","Wild trout stream(no stockings).  9"" Minimum.","0","0","0","1","0","0","1","3",{5416440A-147F-495A-A8DB-F760D393F594}
Upper Passage Creek,Page,C,PNT,"1","0","1",,"0","1","0","1","1","0","1","0",{2BAD292C-796A-4B59-ACF4-5AA835368B15}
Dry River,Rockingham,B,PNT,"0","0","1",,"0","0","0","1","0","0","1","0",{8AD6787A-D336-45B6-9BF2-1C5A40E9FB22}
Hone Quarry Run,Rockingham,C,PNT,"0","0","1",,"0","1","0","1","0","0","1","0",{91B5B625-EE60-42EE-A901-57F0CCF2C3F4}
Cub Run,Page,B,PNT,"0","0","1",,"0","1","0","1","0","0","1","0",{4BC6301A-9130-423D-B776-CD1FB4D9A85D}
Back Creek,Augusta,B,PNT,"1","1","1",,"0","1","0","1","1","1","1","0",{761F6ABC-FBA7-4318-8654-ED3A8A25530D}
North River (Natural Chimney/Lower),Augusta,B,PNT,"1","0","0",,"0","0","0","1","1","0","0","0",{BD434281-4B71-4A10-9F64-DEA103761C07}
Hawksbill Creek,Page,A,PNT,"1","0","0",,"1","0","0","3","1","0","0","0",{CDF2F019-2BB3-4259-8632-91347DA477A7}
North River (Tail),Augusta,DH,DH,"1","1","0",,"0","1","0","1","1","1","0","0",{C88FDB4F-5911-47EA-968A-D9B5E2FB6FE5}
North River (Gorge),Augusta,B,PNT,"1","0","1",,"0","1","0","1","1","0","1","0",{368D89CA-7ADE-4CAB-B060-37C611AC27C2}
Slate Lick Run,Rockingham,B,PNT,"0","0","1",,"0","1","0","1","0","0","1","0",{FD69B200-7EAF-4DA4-81BA-C04ABC6DA3D3}
South Branch Potomac River,Highland,B,PNT,"1","1","1",,"0","0","0","1","1","1","1","0",{86E1A07B-7660-4F19-9BB3-766E351C9E43}
Mill Creek,Shenandoah,B,PNT,"1","1","1",Not contiguous.,"0","0","0","1","1","1","1","0",{EA96C026-11A5-49F7-B5B2-3580B61330C3}
North Fork Shenandoah River (upper),Rockingham,B,PNT,"1","1","1",,"0","0","0","1","1","1","1","0",{6F9D416A-F93C-47A6-B1BC-30066EBE12D5}
North River,Augusta,B,PNT,"0","0","1",,"0","1","1","1","0","0","1","0",{6F52F010-AC6D-417C-B6DC-A0E0A2D9FC3B}
South Branch Potomac River,Highland,B,PNT,"1","1","1",,"0","0","0","1","1","1","1","0",{A3B50DF5-52B0-4E6F-9B3C-9BC9E36B64A2}
Passage Creek,Shenandoah,A,PNT,"1","1","1",,"1","1","0","3","1","1","1","0",{7FC54057-9BC7-4E1B-A541-21B3BD5872FD}
Jennings Creek,Botetourt,A,PNT,"1","1","1",,"1","1","0","3","1","1","1","0",{25CE981E-FBF8-4FFC-B41C-6F09A8F2F15E}
Bullpasture River,Highland,A,PNT,"1","1","1",,"0","0","0","3","1","1","1","0",{3AE3CD5B-E065-40D3-8330-84A74185CCC2}
Passage Creek,Warren,DH,DH,"1","1","1",Adjacent to DGIF property.,"0","0","0","1","1","1","1","0",{E41961AE-BB2B-42D8-B55D-811E48409C03}
German River (upper),Rockingham,C,PNT,"0","0","1",,"0","0","0","1","0","0","1","0",{44E90262-580F-4769-8661-C1A52538803D}
Jackson River Tailwater,Alleghany,SR,SR,"1","1","0","Limit 1 Brown Trout minimum 20"".  No Rainbow trout between 12 - 16"".  4 trout limit.","0","0","0","1","1","1","0","0",{4C2255F3-45C0-4E8F-AAD2-3733D594ACF4}
Craig Creek,Montgomery,B,PNT,"1","0","0",,"0","1","0","1","1","0","0","0",{9EB15A91-E8C7-4F56-8252-7F6E0877C654}
St. Marys River,Augusta,WT,SR,"0","0","1","Wild Trout(no stockings). 9"" minimum.","0","0","0","1","0","0","1","3",{559F1D53-D8DF-4810-9F15-DD3A23D18212}
South River (Rockbridge),Rockbridge,B,PNT,"1","1","1",,"0","0","0","1","1","1","1","0",{77BC1EA0-40B3-425A-9BD3-0375B330E31A}
Pads Creek,Bath,B,PNT,"0","0","1",South Fork,"0","1","0","1","0","0","1","0",{CF80CA62-1D03-4847-8C43-11111991AA4C}
Pounding Mill Creek,Alleghany,B,PNT,"0","0","1",,"0","1","0","1","0","0","1","0",{22F60D86-E4D6-4B6D-B016-B44C824198B2}
Barbours Creek,Craig,B,PNT,"0","0","1",,"0","0","0","1","0","0","1","0",{5334E986-8B4C-4F17-8265-ACD9852E353E}
North Fork Shenandoah River (LW bridge),Rockingham,B,PNT,"1","1","1",,"0","0","0","1","1","1","1","0",{EA0B261D-A124-472F-A509-72004B1BD3F3}
Maury River,Rockbridge,A,PNT,"1","1","1",,"0","0","0","3","1","1","1","0",{48DD6F27-A444-4492-9843-F2DB2530F3D6}
North Creek,Botetourt,SR,SR,"0","0","0",Catch and Release. Wild Rainbows and Brooks.,"0","1","0","1","0","0","0","0",{34FE3CF7-509D-47E6-A006-9932CFFBF1AC}
Happy Creek,Warren,B,PNT,"1","1","1",,"0","0","0","1","1","1","1","0",{B7B4FD23-FDCB-4636-9EE7-24C9E74DBB58}
Middle Creek,Botetourt,B,PNT,"1","0","0",,"0","0","0","1","1","0","0","0",{92E71E8E-DB80-4247-9BF3-AAA801B4C7D5}
North Fork Shenandoah (Lairs Run),Rockingham,B,PNT,"1","1","1",,"0","0","0","1","1","1","1","0",{8D1097B2-9940-437A-897B-3DF12DC4D4C7}
Potts Creek,Craig,A,PNT,"1","1","0",,"0","1","0","3","1","1","0","0",{693E5471-A1F5-4360-9A46-C13D043A8465}
Irish Creek,Rockbridge,B,PNT,"0","0","1",,"0","1","0","1","0","0","1","0",{F8339219-F30A-4B1F-8CB3-8EEBBE4118AA}
South River (Rockbridge),Rockbridge,B,PNT,"1","1","1",,"0","0","0","1","1","1","1","0",{54132A32-72AC-42E2-9AB0-6155442BC13A}
North Creek,Botetourt,B,PNT,"1","0","1",,"0","1","0","1","1","0","1","0",{2C219261-72F4-4AC1-9C25-53804AB7F799}
Roaring Run,Botetourt,SR,SR,"0","0","1","16"" Minimum. 2 trout limit. Stock Fingerling Brook Trout (PGT)","0","1","0","1","0","0","1","0",{6134EE79-2EE8-454B-B35D-1D2B7E622487}
Stony Creek,Shenandoah,A,PNT,"1","1","1",Not contiguous.,"0","0","0","3","1","1","1","0",{50EF3EC6-9726-49B7-BBDA-82050184B411}
German River (lower),Rockingham,C,PNT,"0","0","1",,"0","0","0","1","0","0","1","0",{62308939-C204-4742-9FBC-B77496985DD0}
Potts Creek,Craig,A,PNT,"1","1","0",,"0","1","0","3","1","1","0","0",{D87A835B-4463-4315-AE5A-C71F8A8BE5B5}
Spring Run,Bath,SR,SR,"1","1","1",Catch and Release.,"0","0","0","1","1","1","1","0",{319A9E0E-E0AE-4583-BA49-52518827D721}
Back Creek,Bath,A,PNT,"1","1","1",,"0","1","0","3","1","1","1","0",{6E9D6064-5CEC-4BDA-B7D5-8D800BDADF96}
Paddy Run,Frederick,B,PNT,"1","1","1",,"0","1","0","1","1","1","1","0",{FBF5ED5F-C5D5-47F3-90A4-18714E0155C2}
Back Creek (DH),Bath,DH,DH,"1","1","0",,"0","0","0","1","1","1","0","0",{7EE4CFEF-7CD6-43E0-955C-FF648D7F96CD}
Wilson Creek,Bath,FF,FF,"1","1","1",Feefishing takes place from the first Saturday in April to September 30.,"0","0","0","1","1","1","1","0",{F4A853C0-1835-4E63-98A7-21B950BA27B4}
South River (lower),Greene,B,PNT,"1","0","1",Downstream point stops at bridge.,"0","0","0","1","1","0","1","0",{4D6D790A-149E-4C14-B77C-C0374565E433}
Hughes River,Madison,A,PNT,"0","0","1",,"0","0","0","3","0","0","1","0",{0EBC1619-6955-49BD-A796-0831532DE34B}
Robinson River,Madison,A,PNT,"1","0","1",,"1","0","0","3","1","0","1","0",{187AD9E4-1367-4941-9B70-A884E7591107}
South River (upper),Greene,B,PNT,"1","0","1",,"0","0","0","1","1","0","1","0",{9819C860-5B60-4615-8643-1A16E6041717}
Mill Creek,Rockbridge,A,PNT,"1","1","1",,"0","0","0","3","1","1","1","0",{6EA10FC5-2177-4ABB-9C43-0795A53643DC}
Rapidan River,Madison,WT,SR,"0","0","1",Wild Trout(no stockings). Catch and Release.,"0","0","0","1","0","0","1","3",{BE0E77EF-4CED-406B-AAB2-4776140BDBE6}
Devil's Ditch,Greene,WT,SR,"0","1","1","Wild trout(no stockings). 9"" Minimum.","0","0","0","1","0","1","1","3",{93FDAA88-84CF-4632-BB22-EC683A9021A3}
Conway River,Madison,WT,SR,"0","1","1","Wild trout(no stockings). 9"" Minimum.","0","0","0","1","0","1","1","3",{69B835A9-4544-4C5D-B6F3-5517150DAD6F}
Buffalo Creek,Rockbridge,SR,SR,"1","1","0","16"" Minimum. 2 trout limit. Requires a written landowner permit.","0","0","0","1","1","1","0","0",{E3D2EB9D-4A80-43FF-A2D6-9AC044BB12E0}
Ramsey's Draft,Augusta,SR,SR,"0","0","1","9"" Minimum.","0","1","0","1","0","0","1","0",{688618B7-0AF4-4BD0-99B3-57C5B9E0EB12}
Jackson River (HV Spec Reg),Bath,SR,SR,"1","1","1","16"" Minimum. 2 trout limit. Trout license required from Oct 1 through June 15.","0","1","0","1","1","1","1","0",{F410DDE9-21F2-4A8C-BBA9-2D14CF6CD7B1}
Jackson River (Hidden Valley),Bath,A,PNT,"1","1","1",,"0","1","0","3","1","1","1","0",{4865A99D-C095-4B1D-AB3B-949685BF6CB1}
Smith Creek,Alleghany,SR,SR,"0","1","0","12"" minimum","0","1","0","1","0","1","0","0",{2E036A9C-BC5E-462F-A650-9999A64CA527}
Rose River,Madison,A,PNT,"1","0","1",,"1","0","0","3","1","0","1","0",{933EC392-9214-47C7-B248-ED519835F732}
Barbours Creek,Craig,B,PNT,"0","0","1",,"0","0","0","1","0","0","1","0",{B41F9505-5E1C-48C9-814C-0368AE18DFE4}
Jackson River (Route 623),Bath,A,PNT,"1","1","1",,"0","1","0","3","1","1","1","0",{891ECFEC-CFAE-4839-8617-1271F956BA2A}
Cowpasture River,Bath,A,PNT,"1","1","1",,"0","1","0","3","1","1","1","0",{31A6BFE9-0CF4-449A-ABE7-131A893F4830}
Rocky Row Run,Amherst,C,PNT,"1","0","0",,"0","1","0","1","1","0","0","0",{172EFB6F-1DDC-4703-971B-5FE459363158}
Pedlar River Lower,Amherst,A,PNT,"1","1","0",,"0","1","1","3","1","1","0","0",{A3333CF1-CBDF-4801-970D-7EAD1A8EC32F}
Piney River,Amherst,B,PNT,"0","0","1",Proper,"0","1","1","1","0","0","1","0",{1E4AB388-1512-4A4B-95BB-832BB58902C5}
South Rockfish River,Nelson,C,PNT,"0","0","1",,"0","0","1","1","0","0","1","0",{45181E3A-713F-4F3B-B90C-4D00DF6DCEB1}
Pedlar River (Below dam),Amherst,DH,DH,"1","1","1",,"0","1","0","1","1","1","1","0",{D8D98116-D506-4D72-AD7C-9F55E92EFDE5}
Tye River,Nelson,A,PNT,"1","1","1",,"0","0","0","3","1","1","1","0",{8FEFD169-783C-47EF-8769-C2B364E17A6F}
Pedlar River Upper,Amherst,B,PNT,"1","0","1",,"1","1","0","1","1","0","1","0",{7CA4EEEB-FCFE-4260-8C50-8574BC238304}
"Buffalo River, NF",Amherst,WT,SR,"0","0","1","9"" Minimum","0","0","0","1","0","0","1","3",{99C59955-EDC8-4ECC-8210-5F66F24A5BA9}
Moormans River (South Fork),Albemarle,B,PNT,"0","0","1",,"0","0","0","1","0","0","1","0",{50847B27-B912-4AAE-BF39-CA54C222EBA3}
"Piney River, SF",Amherst,B,PNT,"0","0","1",,"0","0","0","1","0","0","1","0",{AE6A2FFF-74C6-4678-BE75-9A0FE18614FE}
"Moormans River, NF",Albemarle,WT,SR,"0","0","1",Wild trout(no stockings). Catch and Release,"0","0","0","1","0","0","1","3",{45EF1582-81AD-4F90-82E4-DBEC682F7A6D}
Stony Creek,Giles,A,PNT,"1","0","0",,"0","0","0","3","1","0","0","0",{E684435B-6344-471C-8A7A-2C006FDEC125}
Stony Creek,Giles,A,PNT,"1","0","0",,"0","0","0","3","1","0","0","0",{B252D8C6-3A8D-43C2-B4B9-39A2D30C652C}
Dismal Creek,Giles,B,PNT,"1","0","1",Rainbow trout may be stocked at lower end.,"0","1","1","1","1","0","1","0",{448EFDD4-E678-429C-B17F-3D539D2D166D}
Little Irish Creek,Amherst,C,PNT,"0","0","1",,"0","0","0","1","0","0","1","0",{EC7A3172-4942-4C9A-8D05-2430F8DDB2BC}
Mill Creek,Giles,SR,SR,"1","0","1","9"" Minimum. Town of Narrows property.","0","0","0","1","1","0","1","0",{6138FD46-360A-4843-AF5F-9933172E69D7}
Wolf Creek,Giles,B,PNT,"1","0","0",,"0","0","0","1","1","0","0","0",{D3A4B2B2-A03B-46A7-8040-E6EFC0FA5C58}
Laurel Fork Creek,Bland,C,PNT,"1","0","0",,"0","0","0","1","1","0","0","0",{E7BBE512-174F-4B45-BB37-425115684580}
Wolf Creek,Bland,A,PNT,"1","0","0",,"0","0","0","3","1","0","0","0",{83FD4E29-A20F-44F3-900C-14709650ED8E}
Helton Creek,Grayson,B,PNT,"1","0","0",,"0","0","0","1","1","0","0","0",{E11A0C4A-29A2-4C95-B20E-46B9D7499901}
Roanoke River (City),Roanoke,A,PNT,"1","1","0",,"0","0","0","3","1","1","0","0",{83490FB1-9B5B-45EB-B400-8E92E3C8940F}
Tinker Creek,Roanoke,A,PNT,"1","1","0",,"1","0","0","3","1","1","0","0",{96F043D7-2CCF-439A-B4CA-572168346693}
Roanoke River (Salem),Roanoke,A,PNT,"1","1","0",,"0","0","0","3","1","1","0","0",{41ED7942-EBDF-4677-BEC7-D13C79A8EC27}
Roanoke River (Salem),Roanoke,DH,DH,"1","1","0",,"0","0","0","1","1","1","0","0",{C94560BE-6B92-408C-8E30-AC08C6141981}
Pigg River,Franklin,A,PNT,"1","1","0",,"1","0","0","3","1","1","0","0",{844E9EFE-982C-4B12-B570-4810457192CE}
Goose Creek,Floyd,B,PNT,"1","1","0",,"0","0","0","1","1","1","0","0",{00C50512-11DE-41BD-ABB8-8F82CA6974BB}
Little Stony Creek,Giles,SR,SR,"1","0","1","9"" Minimum","0","0","0","1","1","0","1","0",{5475FFA5-D9D8-4737-916A-E610920F3CC6}
Frying Pan Creek,Dickenson,C,PNT,"1","1","0",,"0","0","0","1","1","1","0","0",{6040F80A-DAE9-42F2-80A6-F9266CD2FDBF}
Dismal River Section B,Buchanan,A,PNT,"1","1","0",,"0","0","0","3","1","1","0","0",{F6BCC55D-6519-449C-977F-CC0A1A787713}
Roanoke River (GHP),Roanoke,DH,DH,"1","1","0",Green Hill Park,"0","0","0","1","1","1","0","0",{861E1290-827B-4227-9A97-6E6480368357}
Pound River,Dickenson,SR,SR,"0","1","0","16"" Minimum. 2 trout limit, Only area below Flannagan Dam","0","0","0","1","0","1","0","0",{7F342E39-2297-4DBB-B5C3-1A3901296BD0}
Fox Creek,Grayson,B,PNT,"1","1","0",,"0","0","0","1","1","1","0","0",{B2B61CB5-0499-473A-B284-900AC732D143}
Chestnut Creek,Carroll,DH,DH,"1","0","0",,"0","0","0","1","1","0","0","0",{74F0D4D4-D56A-4B11-84C2-9A7012CDD281}
Big Wilson Creek,Grayson,SR,SR,"1","0","1","9"" Minimum","0","0","0","1","1","0","1","0",{AB86F35B-265F-4494-A813-65A97395074E}
Cranesnest River,Dickenson,B,PNT,"1","1","0",,"0","0","0","1","1","1","0","0",{AEC6A694-914A-4EA4-B9F5-D0F420AF82AF}
"Russell Fork River (Bartlick, Garden Hole)",Dickenson,A,PNT,"1","1","0",,"0","0","0","3","1","1","0","0",{FA0D6FD3-B37F-4D60-85BC-5BB90898692A}
Poverty Creek,Montgomery,C,PNT,"1","0","0",,"0","1","0","1","1","0","0","0",{8FD2CB80-52EE-4AAB-8549-DCBACB7E9970}
East Fork Stoney Fork,Wythe,C,PNT,"1","0","0",Not contiguous - 2 Gaps,"0","1","0","1","1","0","0","0",{F7118CD6-CA35-4953-886B-50CC2B2D27EB}
Little Indian Creek,Floyd,B,PNT,"1","0","1",,"0","0","1","1","1","0","1","0",{23ADD6A2-7C75-4A1F-8997-A1CCECFC7D38}
Big Wilson Creek,Grayson,A,PNT,"1","1","0",,"0","0","0","3","1","1","0","0",{DAF2DAAB-33AB-4173-8E60-CF260D73169A}
Toms Creek,Montgomery,B,PNT,"1","0","0",,"0","0","0","1","1","0","0","0",{BC323370-BD98-433E-AAE5-259A28F32E83}
Rush Fork,Floyd,C,PNT,"1","0","1",,"0","0","1","1","1","0","1","0",{37B6B294-A7EA-4865-8939-16F6C9A0838E}
Pound/N.F. Pound River,Wise,DH,DH,"1","0","1",,"0","0","0","1","1","0","1","0",{165DAF46-0B1D-49A8-9166-8D31263BB972}
Russell Fork River,Buchanan,C,PNT,"1","0","0",Includes Hurricane Creek section.,"0","0","0","1","1","0","0","0",{1CEBEB2D-58D2-4138-810F-1F2B841ACFFD}
Dismal River Section C,Buchanan,A,PNT,"1","1","0",,"0","0","0","3","1","1","0","0",{933E3ED8-3525-4C60-BC6F-BE80A91722D3}
Laurel Fork,Floyd,B,PNT,"0","0","0",,"0","0","0","1","0","0","0","0",{03E52C00-5F3D-47B5-9BF3-90E1BEAFAFB4}
Big Stony Creek,Scott,B,PNT,"1","0","0",Mountain Fork (upper portion) - brook trout fingerling stocking.,"0","0","0","1","1","0","0","0",{4AF295C1-2883-42B7-BC03-10C3506299D8}
Stock Creek,Scott,B,PNT,"1","0","0",Kids FIshing Day Stream.,"0","0","0","1","1","0","0","0",{39095959-192C-4FBA-AB61-C5A774EE985D}
Mountain Fork,Scott,SR,SR,"0","0","1",Fingerlings stocked once a year in spring,"0","1","0","1","0","0","1","0",{A792E054-C0E6-4506-AABA-045A0AC0407C}
Little Stony Creek Section A,Scott,B,PNT,"1","0","1",,"0","1","0","1","1","0","1","0",{176A3B5B-1BE5-45CE-8174-85B2792CD782}
Little Stony Creek,Scott,SR,SR,"1","1","1",Fingerlings stocked once a year in spring,"0","1","0","1","1","1","1","0",{47A61810-2664-4A5C-8109-97ABE9F9EAE2}
Clear Creek,Wise,C,PNT,"1","0","0",,"0","1","0","1","1","0","0","0",{C2CF3FC9-7D27-43AD-9B2A-07C3425B4241}
Little Stony Creek Section B,Scott,B,PNT,"1","0","1",,"0","1","0","1","1","0","1","0",{383E5928-25CF-46C2-86A6-4328B5E4F1A7}
Big Cedar Creek,Russell,A,PNT,"1","1","0",,"0","0","0","3","1","1","0","0",{37AC32AC-1658-4CE9-90D8-050F9ECFD166}
Whitetop Laurel Upper Section B,Washington,A,PNT,"1","1","0",,"0","0","0","3","1","1","0","0",{A081822F-8306-4B11-9909-0B659756CBE9}
Laurel Creek,Tazewell,C,PNT,"0","0","1",,"0","1","0","1","0","0","1","0",{EAF39215-9442-40FF-B245-E3E48EAD842A}
Whitetop Laurel Lower,Washington,SR,SR,"1","1","0","12"" Minimum. 6 trout limit. Only above Taylors Valley","0","1","0","1","1","1","0","0",{06E9A74D-5AF5-46F1-A797-A8575B95DFD9}
Brumley Creek,Washington,SR,SR,"0","1","0",Catch and Release.,"0","0","0","1","0","1","0","0",{75A4B173-C315-45D3-ADB7-DB02DF94B5C7}
Big Tumbling Creek,Washington,FF,FF,"1","1","0",Feefishing takes place from the first Saturday in April to September 30.,"1","0","0","1","1","1","0","0",{B349381D-1E6D-47A1-8497-127D8A974CC7}
Whitetop Laurel lower Section D,Washington,A,PNT,"1","1","0",,"0","0","0","3","1","1","0","0",{F11C0BED-BBDA-4B51-B2C5-D0FF1F042390}
Dickey Creek Section A,Smyth,C,PNT,"1","0","0",,"0","1","0","1","1","0","0","0",{B9BC2489-9819-4800-867E-B7F0199EB86D}
Laurel Bed Creek,Russell,FF,FF,"1","1","0",Feefishing takes place from the first Saturday in April to September 30.,"1","0","0","1","1","1","0","0",{35164109-BF87-4105-B013-DBDB45C86277}
South Fork Holston River Lower B,Smyth,A,PNT,"1","1","0",,"0","0","0","3","1","1","0","0",{5972E394-34E8-4590-AE7A-6340A8FBF936}
Whitetop Laurel Upper,Washington,SR,SR,"1","1","0","12"" Minimum. 6 trout limit. Only below Taylors Valley","0","1","0","1","1","1","0","0",{3F475A1C-6AAE-4FAF-BDF6-C9BA5C74210C}
Straight Branch,Washington,C,PNT,"1","0","0",,"0","1","0","1","1","0","0","0",{8EBFA0A6-54F2-4095-ADF4-ECE018E129F8}
Middle Fork Holston River Upper B,Smyth,B,PNT,"1","0","0",,"0","0","0","1","1","0","0","0",{045FC69E-23DA-4141-945E-2D5635140AD5}
Dickey Creek Section B,Smyth,C,PNT,"1","0","0",,"0","0","0","1","1","0","0","0",{B5374214-6C05-45ED-B344-934A72AADC18}
Roaring Fork,Tazewell,SR,SR,"0","0","1",Catch and Release.,"0","0","0","1","0","0","1","0",{477DA3EF-2390-4AE7-ADCD-43537B6028FF}
Martins Creek Section A,Lee,A,PNT,"1","0","1",,"0","0","0","3","1","0","1","0",{0814B0BD-89D6-44DD-BDFE-C2DA77C762E9}
North Fork Powell River,Lee,A,PNT,"1","1","0",,"0","0","0","3","1","1","0","0",{6E73F911-E00C-4DF4-A163-1922FB9E6BC5}
Whitetop Laurel Upper Section A,Washington,A,PNT,"1","1","0",,"0","0","0","3","1","1","0","0",{B3B5D970-09B0-4EC9-80C8-8D1E99B7AA17}
Comers Creek,Smyth,C,PNT,"1","1","0",,"0","1","0","1","1","1","0","0",{B6F27530-6CFE-40C4-9566-67045CBEA32B}
South Fork Holston River,Smyth,SR,SR,"1","1","0","16"" Minimum. 2 trout limit, Only area above Buller","0","0","0","1","1","1","0","0",{8B07D954-D408-4127-BEB2-8FFB789B11EA}
South Fork Powell River,Wise,A,PNT,"1","1","0",,"0","0","0","3","1","1","0","0",{A5C81BBF-68DF-45A9-9A84-E70F39FE836D}
Middle Fork Holston River Upper B,Smyth,B,PNT,"1","0","0",,"0","0","0","1","1","0","0","0",{E4392305-3994-4D0D-A40E-45AF5E134881}
Lick Creek,Bland,B,PNT,"1","0","0",,"0","0","0","1","1","0","0","0",{184A9734-CD70-4EF5-A180-821D52A4A734}
Middle Fork Holston River Chilhowie,Smyth,A,PNT,"1","1","0",,"1","0","0","3","1","1","0","0",{D241953A-D188-4CDD-B037-F6C7969B7A5C}
Green Cove Creek,Washington,SR,SR,"0","0","1","12"" Minimum. Wild Brook.","0","0","0","1","0","0","1","0",{1250B7C9-1B21-40C2-8F27-048E3236ABB1}
Valley Creek,Washington,C,PNT,"1","0","0",,"0","0","0","1","1","0","0","0",{ADCF74EB-B5A3-4D17-BF3B-C3E9784AB30D}
South Fork Holston River Lower C,Smyth,A,PNT,"1","1","0",,"0","0","0","3","1","1","0","0",{9844A4C3-F797-453D-81FE-02582368E35D}
Cressy Creek,Smyth,C,PNT,"1","1","0",,"0","1","0","1","1","1","0","0",{D0DAF8DD-D98B-4900-9AED-7E49FC5B9AAA}
Staley Creek,Smyth,A,PNT,"1","1","1",,"0","0","0","3","1","1","1","0",{D7FFBB87-4D06-460A-A90A-98424834CBAD}
Middle Fork Holston River Marion,Smyth,A,PNT,"1","1","1",,"1","0","0","3","1","1","1","0",{ED2ECBFC-83A4-4196-8136-0AB909EB4FF2}
Hurricane Creek,Smyth,C,PNT,"1","1","0",,"0","1","0","1","1","1","0","0",{43AA8661-7380-4B92-AFF0-B8DF77C8A172}
Martins Creek Section B,Lee,A,PNT,"1","0","1",,"0","0","0","3","1","0","1","0",{8DD1465E-37F6-471F-97AD-9BB323137279}
Little Tumbling Creek Section A,Tazewell,B,PNT,"1","0","1",,"0","0","0","1","1","0","1","0",{A82B18A3-EB39-40F6-8B1B-E5809797AF54}
Middle Fork Holston River Upper A,Smyth,B,PNT,"1","0","0",,"0","0","0","1","1","0","0","0",{279FFF38-D342-4BD2-BD1B-672497D73668}
South Fork Holston River Lower A,Smyth,A,PNT,"1","1","0",,"0","0","0","3","1","1","0","0",{CCA9B7B1-8478-4B95-8B0C-0AFEF9F2AFD9}
South Fork Holston River,Smyth,SR,SR,"1","1","0",Catch and Release. Buller property,"0","0","0","1","1","1","0","0",{261EBB48-C3CD-4357-A6FB-1B9CCFDEE67C}
Dan River above Powerhouse,Patrick,SR,SR,"0","0","0",Catch and Release. Wild browns and brooks. Permit from Danville City required.,"0","0","0","1","0","0","0","0",{43EDB1ED-76E6-440F-B133-EEA9F4ACE707}
Smith River,Henry,A,PNT,"1","0","0","Limit 1 Brown Trout minimum 24"".  Brown trout must be < 10"" or > 24"".  6 trout limit.","0","0","0","3","1","0","0","0",{E28C04E4-EA01-4DBD-8127-54A631F1968A}
Smith River,Henry,SR,SR,"0","0","0","Limit 1 Brown Trout minimum 24"".  Brown trout must be < 10"" or > 24"".  6 trout limit.","0","0","0","1","0","0","0","0",{E6119C57-171B-4AAC-A7FA-46E4C7B926CE}
Dan River,Patrick,B,PNT,"0","0","1",,"0","0","0","1","0","0","1","0",{57683F88-7829-4328-87D4-9ECF2F697371}
Smith River,Henry,SR,SR,"0","0","0","Limit 1 Brown Trout minimum 24"".  Brown trout must be < 10"" or > 24"".  6 trout limit.","0","0","0","1","0","0","0","0",{194A98FF-BA78-498D-A1B4-B7407FB82E01}
Smith River,Henry,B,PNT,"1","0","0","Dam - Limit 1 Brown Trout minimum 24"".  Brown trout must be < 10"" or > 24"".  6 trout limit.","0","0","0","1","1","0","0","0",{70FF46AA-3DCB-4504-A6BC-3C8FBAEA5FE9}
Rock Castle Creek,Patrick,B,PNT,"1","1","1",,"0","0","0","1","1","1","1","0",{A1BB128D-267C-4AF4-9ED7-FE81918C76B4}
Round Meadow Creek,Patrick,C,PNT,"0","0","1",,"0","0","1","1","0","0","1","0",{3539DE88-E8AF-456F-9FDD-D9E6C90DA51D}
Dan River above Townes,Patrick,SR,SR,"0","0","0","16"" Minimum. 2 trout limit. Permit from Danville City required. In b/t reservoirs. Wild all species.","0","0","0","1","0","0","0","0",{B1DE8038-3E59-423B-AE95-C0E9F46813BC}
Dan River (Below Powerhouse),Patrick,A,PNT,"1","1","1",Kibbler section.,"0","0","0","3","1","1","1","0",{C8C6C30B-672B-4D2C-BB11-B86E549E985B}
Runnett Bag Creek,Franklin,B,PNT,"1","1","0",,"0","0","0","1","1","1","0","0",{0D4A7B6C-4F43-4D67-B6F6-28E802540E5A}
North Fork Stewarts Creek,Carroll,SR,SR,"0","0","0",Catch and Release.,"0","0","0","1","0","0","0","0",{FDA1AC53-B10C-401C-BDA4-55B284CC498A}
Poorhouse Creek,Patrick,C,PNT,"0","0","1",,"0","0","1","1","0","0","1","0",{25ECB28C-2F55-4C59-BE3A-037F7CEA931E}
South Fork Stewarts Creek,Carroll,SR,SR,"0","0","0",Catch and Release.,"0","0","0","1","0","0","0","0",{FFA0A87C-9BDA-4E83-AA95-4D7173D86FB7}
Stewarts Creek,Carroll,B,PNT,"0","0","1",,"0","0","1","1","0","0","1","0",{DAB9F45E-8018-4FD9-A38F-D266542748E5}
Powell River,Wise,A,PNT,"1","1","0",Stocked in the fall,"0","0","0","3","1","1","0","0",{9CEF076B-67D8-42CB-9901-EBBA9C411895}
Clarks Creek,Patrick,B,PNT,"0","0","1",,"0","0","0","1","0","0","1","0",{8457DC0A-35F0-4414-8A59-2FFA49DDF1CB}
Hogue Creek,Frederick,B,PNT,"1","0","0",One parking area off Indian Hollow road.,"0","0","0","1","1","0","0","0",{C58D028B-6077-4960-93CF-2F7D43AE0367}
Lovill's Creek,Carroll,C,PNT,"1","0","0",,"0","0","0","1","1","0","0","0",{B965E24F-4B23-47C3-A9E2-EFC8B66765D7}
Ararat River,Patrick,B,PNT,"0","0","1",,"0","0","0","1","0","0","1","0",{839579E0-BCB8-4B0C-BF28-0322BB58ACEA}
West Fork Little River,Floyd,B,PNT,"1","0","0",,"0","0","1","1","1","0","0","0",{7E481659-8149-45C3-A3EF-66685FDC4B69}
Venrick Run,Wythe,SR,SR,"1","0","0",Catch and Release. Town of Wytheville Property,"0","0","0","1","1","0","0","0",{E5E016A7-3300-4B0C-BC2D-6D823F09074A}
Snake Creek,Carroll,SR,SR,"1","1","1","12"" Minimum.","0","0","0","1","1","1","1","0",{032359D7-1A64-46D7-AFA1-35FC2D4A5A47}
Quebec Branch,Grayson,SR,SR,"1","0","1","9"" Minimum","0","0","0","1","1","0","1","0",{DAB1C881-982C-465D-A00A-A13E48DCEE96}
Russell Fork River (Bartlick),Dickenson,A,PNT,"1","1","0",,"0","0","0","3","1","1","0","0",{88069061-5427-4941-A9A4-366A99649C5B}
Pound River (Flannagan Dam),Dickenson,A,PNT,"1","1","0",,"0","0","0","3","1","1","0","0",{CF864724-495C-4F6E-943F-C0F498442DFA}
Crooked Creek,Carroll,A,PNT,"1","0","0",,"0","0","0","3","1","0","0","0",{A15ACD7E-F11E-432F-B547-BC81BFDDA08D}
Burks Fork,Floyd,A,PNT,"1","1","0",,"0","0","0","3","1","1","0","0",{847279ED-7CD5-4964-9BED-50C28A3AE241}
"Chestnut Creek, EF",Grayson,SR,SR,"0","0","1",Catch and Release,"0","0","0","1","0","0","1","0",{B2E4F503-7210-4C83-ABAA-1B0F67C6BFFA}
Cripple Creek,Wythe,A,PNT,"1","0","0",Route 94,"0","0","0","3","1","0","0","0",{F78D9079-470F-4E90-9F59-C35209FFCC5A}
Russell Fork River (Haysi),Dickenson,B,PNT,"1","1","0",,"0","0","0","1","1","1","0","0",{4F694D2A-5B46-4F08-AD6D-920333A2082A}
Crooked Creek,Carroll,FF,FF,"1","0","0",,"0","0","0","1","1","0","0","0",{B19667A5-0A5C-483C-8AAF-B834B20B647E}
East Fork Little Reed Island Creek,Carroll,A,PNT,"1","1","0",,"0","0","0","3","1","1","0","0",{B4FF8677-CBA7-4B42-A449-E19E3AE8C1C8}
Cripple Creek,Wythe,A,PNT,"1","0","0",Ravens,"1","0","0","3","1","0","0","0",{5C56C6DB-396C-4205-8ACF-D53573A4E8A3}
Peak Creek,Pulaski,DH,DH,"1","0","0",,"0","0","0","1","1","0","0","0",{84753911-64CA-40FB-9F25-2D938BF3FCEC}
Helton Creek Lower,Grayson,B,PNT,"1","0","0",,"0","0","0","1","1","0","0","0",{544B3F4E-79E0-4E24-BB4D-90F65F5F23F0}
Fox Creek,Grayson,B,PNT,"1","1","0",,"0","0","0","1","1","1","0","0",{59BF970D-B397-43AC-B1B3-ADFFEC821D02}
Little Snake Creek,Carroll,SR,SR,"1","1","1","12"" Minimum","0","0","0","1","1","1","1","0",{C132E6C0-8379-49AE-842B-942C9C599393}
Middle Fox Creek,Grayson,B,PNT,"1","0","0",,"0","0","0","1","1","0","0","0",{F60D407D-F49A-4CB9-AE02-B11189F99ACA}
Peak Creek,Pulaski,B,PNT,"1","0","0",,"0","0","0","1","1","0","0","0",{4338AD86-5370-4F30-B4EC-67CB77A082C6}
Little Wilson Creek,Grayson,SR,SR,"1","0","1","9"" Minimum","0","0","0","1","1","0","1","0",{AC44FECC-3765-4F19-821A-FE95E8EB5391}
Cabin Creek,Grayson,SR,SR,"0","0","1","9"" Minimum","0","0","0","1","0","0","1","0",{C4D25E3F-2867-4ADB-BF4F-8FD6ACDA276B}
Wilburn Branch,Grayson,SR,SR,"1","0","1","9"" Minimum","0","0","0","1","1","0","1","0",{09A9FCBA-865D-447E-A6BD-09F56B5C8BCE}
Little River,Floyd,A,PNT,"1","0","0",,"0","0","0","3","1","0","0","0",{44A18C7A-E725-458F-B8EC-3ABCF3CFF153}
"Crooked Creek, EF",Carroll,A,PNT,"0","0","1",,"0","0","0","3","0","0","1","0",{D4462CCA-6A47-4D92-A642-434F68BE1A42}
Elk Creek Upper,Grayson,A,PNT,"1","1","0",,"0","0","0","3","1","1","0","0",{63174237-B890-4945-B18F-D7D83AD19129}
West Fork Little River,Floyd,B,PNT,"1","0","0",,"0","0","1","1","1","0","0","0",{B8A8ACA2-05B6-4FE7-AB9A-D50C2324ED48}
Mira Fork,Floyd,C,PNT,"0","0","1",,"0","0","0","1","0","0","1","0",{7E2559E4-48D1-46A3-A682-40788637AA2D}
Elk Creek Upper A,Grayson,A,PNT,"1","1","0",,"0","0","0","3","1","1","0","0",{D6F54796-2711-4788-83CA-F95BE41EEDBE}
Elk Creek Lower,Grayson,A,PNT,"1","1","0",,"0","0","0","3","1","1","0","0",{9F37FA9F-0E14-45BA-95A1-403842273C55}
Elk Creek Upper B,Grayson,A,PNT,"1","1","0",,"0","0","0","3","1","1","0","0",{19D95C6E-677A-43DE-89C1-A95023393485}
Little Wilson Creek,Grayson,SR,SR,"1","0","1","9"" Minimum","0","0","0","1","1","0","1","0",{94CA49FB-BA2F-4C7F-919F-E67E056E3441}
Mill Creek,Grayson,SR,SR,"1","0","0","9"" Minimum","0","0","0","1","1","0","0","0",{56ECAC88-02EB-491A-8928-6C9CD2165DED}
South River (Waynesboro),Augusta,SR,SR,"1","1","1",Catch and Release,"0","0","0","1","1","1","1","0",{06AAB2F6-CA1E-4B40-9176-7BC80248633A}
Peters Mill Run,Shenandoah,C,PNT,"0","0","1",,"0","1","0","1","0","0","1","0",{4740A78D-1091-436D-AC30-073B1EE83C65}
South River (Ridgeview Park),Augusta,A,PNT,"1","0","0",,"0","0","0","3","1","0","0","0",{FC0B5A9B-564D-4185-9DB7-165895B2024D}
Falls Hollow,Augusta,C,PNT,"0","0","1",,"0","1","1","1","0","0","1","0",{48F7BCC1-9191-4C97-8A91-9EDF767FE0D2}
Smith Creek,Alleghany,C,PNT,"0","0","1",,"0","1","0","1","0","0","1","0",{739281C0-BBAF-4634-89E0-FC92E43CC94D}
Roaring Run,Botetourt,B,PNT,"1","1","1",,"0","1","0","1","1","1","1","0",{D0F95F95-A221-4E36-AC26-54083F5CD38F}
Glade Creek,Roanoke,A,PNT,"1","1","0",,"0","0","0","3","1","1","0","0",{93EE79F5-D487-46E6-AE8B-98E3C413128B}
Big Brumley Creek,Washington,C,PNT,"1","0","0",,"0","0","0","1","1","0","0","0",{2B83430F-337F-4E42-AC82-C2BC15E611F4}
Little Tumbling Creek Section B,Tazewell,B,PNT,"1","0","1",,"0","0","0","1","1","0","1","0",{9C9F0437-B01A-46CC-A80E-286C056A295A}
South Fork Holston River (Buller Dam),Smyth,A,PNT,"1","0","0",,"0","1","0","3","1","0","0","0",{C4DC94A0-89F7-416F-9984-72856E9EA67E}
Big Tumbling Creek,Washington,A,PNT,"1","1","0",,"0","0","0","3","1","1","0","0",{0421B4E6-053E-4936-95B2-DAEFAF6FB4E9}
McFalls Creek,Botetourt,C,PNT,"1","0","0",450 trout stocked per year.,"0","1","0","1","1","0","0","0",{3C0FAE12-7382-425D-B0E2-F8B402538DEB}
Holliday Creek,Appomattox,DH,DH,"1","0","0",Within State Forest,"0","0","0","1","1","0","0","0",{D3A03BA1-222C-4C23-9C6A-8D1004B7DE92}
South River(Basic Park),Augusta,YTH,YTH,"1","1","1",Youth only waters are stocked 3 times annually.,"0","0","0","1","1","1","1","0",{CCDC1BC4-E9C5-417B-93F7-6CD82F983347}
Ivy Creek(Peak's View Park),Lynchburg,YTH,YTH,"1","0","0",Youth only waters are stocked 3 times annually.,"0","0","0","1","1","0","0","0",{FDC4FBE3-935A-4542-B687-A92D0F5D6702}
South Fork Powell River(Dunford Park),Tazewell,YTH,YTH,"1","1","1",Youth only waters are stocked 3 times annually.,"0","0","0","1","1","1","1","0",{CEBBD1C6-6F97-44A7-81C6-67B918B1E5D0}
Powell River,Wise,DH,DH,"1","1","0",,"0","0","0","1","1","1","0","0",{A65FCB3C-0C65-405B-B0BA-F2AF41929BA9}
Indian Creek,Lee,DH,DH,"1","1","0",,"0","0","0","1","1","1","0","0",{1856875B-A54A-48FD-B8AB-912D4175C562}
Big Moccasin Creek,Scott,DH,DH,"1","0","0",,"0","0","0","1","1","0","0","0",{473984C8-5A34-47E5-9E22-3C4F64688630}
Little Tumbling Creek,Smyth,SR,SR,"0","0","0",Catch and Release,"0","0","0","1","0","0","0","0",{3A7151EC-7CC1-4B8E-BC38-B48808581322}
Wilson Creek,Bath,,WT,"0","0","0",,"0","0","0","1","0","0","0","3",{1D0520F6-9A68-4A7A-9386-A64DA96099DC}
Davis Mill Creek,Amherst,,WT,"0","0","0",,"0","0","0","1","0","0","0","3",{88E88599-29CE-4430-BBCD-2ABE1AFFA6F6}
Helton Creek,Grayson,,WT,"0","0","0",,"0","0","0","1","0","0","0","3",{B4E19376-7DB1-41F6-9668-8724166CEC55}
Dry River,Rockingham,,WT,"0","0","0",,"0","0","0","1","0","0","0","3",{CA1A453E-010A-4F76-BC33-6922F385CA0E}
South River,Augusta,SR,SR,"1","1","0",20‚Äù minimum. 1 trout limit. Fly fishing only. Requires written landowner permit.,"0","0","0","1","1","1","0","0",{FAB00FD8-801F-4A5E-B088-496AF9CD7D62}
South River (Grottoes),Rockingham,A,PNT,"1","1","1",,"0","0","0","3","1","1","1","0",{F25DE5DB-51CA-479D-84F1-C026D3DC5B83}
Tennessee Laurel,Washington,A,PNT,"1","1","0",,"0","0","0","3","1","1","0","0",{57E51842-D22F-4211-B23F-8ED580C7E522}
South Mayo River (NF),Patrick,C,PNT,"1","1","0",,"0","0","0","1","1","1","0","0",{050E67EA-A906-4349-BAB3-F9403BBF0717}
South Mayo River (SF),Patrick,C,PNT,"1","1","0",,"0","0","0","1","1","1","0","0",{F4054BB8-E707-49C7-BD2D-FF5C604234A9}
West Fork Reed Creek,Wythe,C,PNT,"1","0","0",,"0","1","0","1","1","0","0","0",{3B2ACB9A-467F-4DE7-9383-78490C841162}
Accotink Creek,Fairfax,DH,DH,"1","1","0",On Fairfax County Park Authority land,"0","0","0","1","1","1","0","0",{D2B3627D-FD41-46C9-9669-DA39B64A25DD}
Holmes Run,Fairfax,DH,DH,"1","1","0",,"0","0","0","1","1","1","0","0",{C3A4BBD8-C888-47A7-A344-B6C6138F414E}
South Mayo River (SF),Patrick,C,PNT,"1","1","0",,"0","0","0","1","1","1","0","0",{3A1D51C6-30E8-4B7A-89D6-249D4CBDCBA3}
